instance_nome,algoritmo,seed,fitness,custo_operacional,distancia_total_km,duracao_total_min,duracao_max_min,veiculos_utilizados,entregas_atendidas,rotas_com_violacao,percentual_rotas_com_violacao,penalidade_total,tempo_exec_s,referencia,fitness_melhoria_pct,custo_operacional_melhoria_pct,distancia_total_km_melhoria_pct
sp_15,nearest_neighbor,7,477.4123586632306,477.4123586632306,110.96494346529224,277.4123586632306,277.4123586632306,1,15,0,0.0,0.0,8.279199937533122e-05,nearest_neighbor,0.0,0.0,0.0
sp_15,nearest_neighbor_two_opt,7,456.3852576467506,456.3852576467506,102.55410305870022,256.3852576467506,256.3852576467506,1,15,0,0.0,0.0,0.009363541001221165,nearest_neighbor,4.404389755505395,4.404389755505395,7.5797275643390645
sp_15,random,7,811.4251388477851,811.4251388477851,244.57005553911404,611.425138847785,611.425138847785,1,15,0,0.0,0.0,3.9541999285575e-05,nearest_neighbor,-69.96316164076704,-69.96316164076704,-120.4029920635349
sp_15,ga,7,454.48749802925624,454.48749802925624,101.79499921170249,254.4874980292563,254.4874980292563,1,15,0,0.0,0.0,0.10346212500007823,nearest_neighbor,4.801899284334543,4.801899284334543,8.263820957524242
sp_15,nearest_neighbor,17,477.4123586632306,477.4123586632306,110.96494346529224,277.4123586632306,277.4123586632306,1,15,0,0.0,0.0,4.4874999730382115e-05,nearest_neighbor,0.0,0.0,0.0
sp_15,nearest_neighbor_two_opt,17,456.3852576467506,456.3852576467506,102.55410305870022,256.3852576467506,256.3852576467506,1,15,0,0.0,0.0,0.009616708999601542,nearest_neighbor,4.404389755505395,4.404389755505395,7.5797275643390645
sp_15,random,17,826.8520673005877,826.8520673005877,250.7408269202351,626.8520673005876,626.8520673005876,1,15,0,0.0,0.0,3.891600135830231e-05,nearest_neighbor,-73.19452508849983,-73.19452508849983,-125.96400186394196
sp_15,ga,17,458.2978904477049,458.2978904477049,103.31915617908196,258.2978904477049,258.2978904477049,1,15,0,0.0,0.0,0.11429616699933831,nearest_neighbor,4.003764852055104,4.003764852055104,6.8902727721406345
sp_15,nearest_neighbor,42,477.4123586632306,477.4123586632306,110.96494346529224,277.4123586632306,277.4123586632306,1,15,0,0.0,0.0,5.2708001021528617e-05,nearest_neighbor,0.0,0.0,0.0
sp_15,nearest_neighbor_two_opt,42,456.3852576467506,456.3852576467506,102.55410305870022,256.3852576467506,256.3852576467506,1,15,0,0.0,0.0,0.013243041999885463,nearest_neighbor,4.404389755505395,4.404389755505395,7.5797275643390645
sp_15,random,42,676.3123989745893,676.3123989745893,190.52495958983573,476.3123989745892,476.3123989745892,1,15,0,0.0,0.0,6.337500053632539e-05,nearest_neighbor,-41.662105452880404,-41.662105452880404,-71.69833430269658
sp_15,ga,42,454.51821584547713,454.51821584547713,101.80728633819085,254.51821584547716,254.51821584547716,1,15,0,0.0,0.0,0.12949816699983785,nearest_neighbor,4.795465052864939,4.795465052864939,8.252747977081368
sp_15,nearest_neighbor,73,477.4123586632306,477.4123586632306,110.96494346529224,277.4123586632306,277.4123586632306,1,15,0,0.0,0.0,4.716700095741544e-05,nearest_neighbor,0.0,0.0,0.0
sp_15,nearest_neighbor_two_opt,73,456.3852576467506,456.3852576467506,102.55410305870022,256.3852576467506,256.3852576467506,1,15,0,0.0,0.0,0.010021084000982228,nearest_neighbor,4.404389755505395,4.404389755505395,7.5797275643390645
sp_15,random,73,748.3853308764224,748.3853308764224,219.35413235056893,548.3853308764224,548.3853308764224,1,15,0,0.0,0.0,4.070800059707835e-05,nearest_neighbor,-56.75868403824411,-56.75868403824411,-97.67876727588187
sp_15,ga,73,456.54044095912525,456.54044095912525,102.6161763836501,256.54044095912525,256.54044095912525,1,15,0,0.0,0.0,0.12844150000091759,nearest_neighbor,4.371884666443773,4.371884666443773,7.523787982871794
sp_15,nearest_neighbor,101,477.4123586632306,477.4123586632306,110.96494346529224,277.4123586632306,277.4123586632306,1,15,0,0.0,0.0,4.329100011091214e-05,nearest_neighbor,0.0,0.0,0.0
sp_15,nearest_neighbor_two_opt,101,456.3852576467506,456.3852576467506,102.55410305870022,256.3852576467506,256.3852576467506,1,15,0,0.0,0.0,0.00971837500037509,nearest_neighbor,4.404389755505395,4.404389755505395,7.5797275643390645
sp_15,random,101,738.0566595387784,738.0566595387784,215.22266381551137,538.0566595387785,538.0566595387785,1,15,0,0.0,0.0,3.666600059659686e-05,nearest_neighbor,-54.59521441911557,-54.59521441911557,-93.95554766612304
sp_15,ga,101,458.2978904477049,458.2978904477049,103.31915617908196,258.2978904477049,258.2978904477049,1,15,0,0.0,0.0,0.10179220899954089,nearest_neighbor,4.003764852055104,4.003764852055104,6.8902727721406345
